{
    "materials":[{
        "colorEmissive":[0,0,0],
        "DbgIndex":0,
        "visible":true,
        "depthWrite":true,
        "specularCoef":50,
        "doubleSided":false,
        "shading":"phong",
        "wireframe":false,
        "transparent":true,
        "opacity":0.5,
        "colorSpecular":[0.5,0.5,0.5],
        "colorDiffuse":[0.64,0.630515,0.0542236],
        "DbgColor":15658734,
        "depthTest":true,
        "blending":1,
        "DbgName":"Material.001"
    }],
    "vertices":[1.18078,-0.534355,0.912123,1.18078,-0.360792,1.08569,1.00722,-0.360792,0.912123,1.18078,-0.525857,0.965767,1.18078,-0.50122,1.01412,1.12714,-0.525857,0.912123,1.12572,-0.515793,0.967499,1.12751,-0.492535,1.01177,1.07878,-0.50122,0.912123,1.08104,-0.492412,0.965532,1.08895,-0.475929,1.00396,1.12714,-0.360792,1.07719,1.07878,-0.360792,1.05255,1.18078,-0.414436,1.07719,1.12541,-0.415858,1.06712,1.08113,-0.414063,1.04387,1.18078,-0.462793,1.05255,1.12737,-0.460531,1.04374,1.08895,-0.452627,1.02726,1.01572,-0.414436,0.912123,1.04036,-0.462793,0.912123,1.01572,-0.360792,0.965767,1.02578,-0.416168,0.967189,1.04904,-0.460442,0.965394,1.04036,-0.360792,1.01412,1.04916,-0.414201,1.01186,1.06565,-0.452627,1.00396,1.18078,0.449168,1.08569,1.18078,0.622731,0.912123,1.00722,0.449168,0.912123,1.18078,0.502812,1.07719,1.18078,0.551168,1.05255,1.12714,0.449168,1.07719,1.12572,0.504544,1.06712,1.12751,0.548818,1.04387,1.07878,0.449168,1.05255,1.08104,0.502577,1.04374,1.08895,0.541003,1.02726,1.12714,0.614233,0.912123,1.07878,0.589595,0.912123,1.18078,0.614233,0.965767,1.12541,0.604169,0.967189,1.08113,0.58091,0.965394,1.18078,0.589595,1.01412,1.12737,0.580787,1.01186,1.08895,0.564305,1.00396,1.01572,0.449168,0.965767,1.04036,0.449168,1.01412,1.01572,0.502812,0.912123,1.02578,0.504234,0.967499,1.04904,0.502439,1.01177,1.04036,0.551168,0.912123,1.04916,0.548907,0.965532,1.06565,0.541003,1.00396,1.18078,-0.534355,0.102163,1.00722,-0.360792,0.102163,1.18078,-0.360792,-0.0713996,1.12714,-0.525857,0.102163,1.07878,-0.50122,0.102163,1.18078,-0.525857,0.0485193,1.12541,-0.515793,0.0470973,1.08113,-0.492535,0.048892,1.18078,-0.50122,0.000162542,1.12737,-0.492412,0.00242436,1.08895,-0.475929,0.0103279,1.01572,-0.360792,0.0485193,1.04036,-0.360792,0.000162542,1.01572,-0.414436,0.102163,1.02578,-0.415858,0.046787,1.04904,-0.414063,0.00251305,1.04036,-0.462793,0.102163,1.04916,-0.460531,0.0487544,1.06565,-0.452627,0.0103278,1.18078,-0.414436,-0.0629016,1.18078,-0.462793,-0.0382645,1.12714,-0.360792,-0.0629016,1.12572,-0.416168,-0.0528377,1.12751,-0.460442,-0.0295793,1.07878,-0.360792,-0.0382645,1.08104,-0.414201,-0.0294565,1.08895,-0.452627,-0.0129741,1.18078,0.622731,0.102163,1.18078,0.449168,-0.0713996,1.00722,0.449168,0.102163,1.18078,0.614233,0.0485193,1.18078,0.589595,0.000162542,1.12714,0.614233,0.102163,1.12572,0.604169,0.046787,1.12751,0.58091,0.00251305,1.07878,0.589595,0.102163,1.08104,0.580787,0.0487544,1.08895,0.564305,0.0103278,1.12714,0.449168,-0.0629016,1.07878,0.449168,-0.0382645,1.18078,0.502812,-0.0629016,1.12541,0.504234,-0.0528377,1.08113,0.502439,-0.0295793,1.18078,0.551168,-0.0382645,1.12737,0.548907,-0.0294565,1.08895,0.541003,-0.0129742,1.01572,0.502812,0.102163,1.04036,0.551168,0.102163,1.01572,0.449168,0.0485193,1.02578,0.504544,0.0470972,1.04904,0.548818,0.048892,1.04036,0.449168,0.000162542,1.04916,0.502577,0.00242436,1.06565,0.541003,0.0103278,1.99074,-0.534355,0.912123,2.16431,-0.360792,0.912123,1.99074,-0.360792,1.08569,2.04439,-0.525857,0.912123,2.09274,-0.50122,0.912123,1.99074,-0.525857,0.965767,2.04612,-0.515793,0.967189,2.09039,-0.492535,0.965394,1.99074,-0.50122,1.01412,2.04415,-0.492412,1.01186,2.08258,-0.475929,1.00396,2.15581,-0.360792,0.965767,2.13117,-0.360792,1.01412,2.15581,-0.414436,0.912123,2.14574,-0.415858,0.967499,2.12249,-0.414063,1.01177,2.13117,-0.462793,0.912123,2.12236,-0.460531,0.965532,2.10588,-0.452627,1.00396,1.99074,-0.414436,1.07719,1.99074,-0.462793,1.05255,2.04439,-0.360792,1.07719,2.04581,-0.416168,1.06712,2.04401,-0.460442,1.04387,2.09274,-0.360792,1.05255,2.09048,-0.414201,1.04374,2.08258,-0.452627,1.02726,1.99074,0.622731,0.912123,1.99074,0.449168,1.08569,2.16431,0.449168,0.912123,1.99074,0.614233,0.965767,1.99074,0.589595,1.01412,2.04439,0.614233,0.912123,2.04581,0.604169,0.967499,2.04401,0.58091,1.01177,2.09274,0.589595,0.912123,2.09048,0.580787,0.965532,2.08258,0.564305,1.00396,2.04439,0.449168,1.07719,2.09274,0.449168,1.05255,1.99074,0.502812,1.07719,2.04612,0.504234,1.06712,2.09039,0.502439,1.04387,1.99074,0.551168,1.05255,2.04415,0.548907,1.04374,2.08258,0.541003,1.02726,2.15581,0.502812,0.912123,2.13117,0.551168,0.912123,2.15581,0.449168,0.965767,2.14574,0.504544,0.967189,2.12249,0.548818,0.965394,2.13117,0.449168,1.01412,2.12236,0.502577,1.01186,2.10588,0.541003,1.00396,1.99074,-0.534355,0.102163,1.99074,-0.360792,-0.0713996,2.16431,-0.360792,0.102163,1.99074,-0.525857,0.0485193,1.99074,-0.50122,0.000162542,2.04439,-0.525857,0.102163,2.04581,-0.515793,0.046787,2.04401,-0.492535,0.00251305,2.09274,-0.50122,0.102163,2.09048,-0.492412,0.0487544,2.08258,-0.475929,0.0103278,2.04439,-0.360792,-0.0629016,2.09274,-0.360792,-0.0382645,1.99074,-0.414436,-0.0629016,2.04612,-0.415858,-0.0528377,2.09039,-0.414063,-0.0295793,1.99074,-0.462793,-0.0382645,2.04415,-0.460531,-0.0294565,2.08258,-0.452627,-0.0129742,2.15581,-0.414436,0.102163,2.13117,-0.462793,0.102163,2.15581,-0.360792,0.0485193,2.14574,-0.416168,0.0470973,2.12249,-0.460442,0.048892,2.13117,-0.360792,0.000162542,2.12236,-0.414201,0.00242436,2.10588,-0.452627,0.0103279,1.99074,0.622731,0.102163,2.16431,0.449168,0.102163,1.99074,0.449168,-0.0713996,2.04439,0.614233,0.102163,2.09274,0.589595,0.102163,1.99074,0.614233,0.0485193,2.04612,0.604169,0.0470972,2.09039,0.58091,0.048892,1.99074,0.589595,0.000162542,2.04415,0.580787,0.00242436,2.08258,0.564305,0.0103278,2.15581,0.449168,0.0485193,2.13117,0.449168,0.000162542,2.15581,0.502812,0.102163,2.14574,0.504234,0.046787,2.12249,0.502439,0.00251305,2.13117,0.551168,0.102163,2.12236,0.548907,0.0487544,2.10588,0.541003,0.0103278,1.99074,0.502812,-0.0629016,1.99074,0.551168,-0.0382645,2.04439,0.449168,-0.0629016,2.04581,0.504544,-0.0528377,2.04401,0.548818,-0.0295793,2.09274,0.449168,-0.0382645,2.09048,0.502577,-0.0294565,2.08258,0.541003,-0.0129741],